[{"model": "sessions.session", "pk": "1b7uzm8hamgf3urzea9ivxgxkfwyeekp", "fields": {"session_data": "NWIzZmMzOTlkYmVhNjAxMmM2MTUyNjJiYzZmYjI1YjIzZmVmNzk0Zjp7Il9hdXRoX3VzZXJfaWQiOiJpYW1waXl1c2giLCJfYXV0aF91c2VyX2JhY2tlbmQiOiJkamFuZ28uY29udHJpYi5hdXRoLmJhY2tlbmRzLk1vZGVsQmFja2VuZCIsIl9hdXRoX3VzZXJfaGFzaCI6IjgwMjRhODdkYmI0MWYyY2Q0N2JmMDk4OWIxNzQ3ZWIxM2JhODViMzYifQ==", "expire_date": "2020-08-28T19:01:58.051Z"}}, {"model": "sessions.session", "pk": "c8w5j15i615js0jdr92ptn060ytf7o6q", "fields": {"session_data": "YzI1ZmNhYzliM2NlMmUyYTFhNDIxNDEwNWFlODk0M2NmNjBiNDY1MTp7Il9hdXRoX3VzZXJfaWQiOiJhY2NvdW50X2lkIiwiX2F1dGhfdXNlcl9iYWNrZW5kIjoiZGphbmdvLmNvbnRyaWIuYXV0aC5iYWNrZW5kcy5Nb2RlbEJhY2tlbmQiLCJfYXV0aF91c2VyX2hhc2giOiI4MDI0YTg3ZGJiNDFmMmNkNDdiZjA5ODliMTc0N2ViMTNiYTg1YjM2In0=", "expire_date": "2020-08-27T14:45:51.325Z"}}, {"model": "insight.account", "pk": "7081878499", "fields": {"password": "pbkdf2_sha256$180000$E38nla0iK0Fh$iQzhIelwQeUiPsQG6yFozwLJwIboGGAAVOb3C7x/ubo=", "last_login": null, "id_type": "PHONE", "joined_at": "2020-08-18", "username": "rakesh", "first_name": "Rakesh", "last_name": "Roshan", "is_staff": false, "is_superuser": false, "is_active": true, "details": {"email": "locieteam@gmail.com", "phone_number": "7081878499"}, "comfort_zones_text": "[]", "activity_coords": {}, "avatar": "https://firebasestorage.googleapis.com/v0/b/social-express-103904.appspot.com/o/assets%2FJOQLjy5jpvXQhhzH8SQuNw3Jk0r1A6Bb.png?alt=media&token=e887c047-8ca3-4a98-aa53-6e165be64cc0", "places": "[]", "influencer": false, "influencing_hobby": "", "hobby_map": {"singing725": 1.5, "thought525": 7.65, "painting375": 1.1, "sketching425": 7.35, "photography625": 4.75, "graphics_design250": 5.1}, "primary_hobby": "graphics_design250", "primary_weight": "7.65", "follower_count": 1, "following_count": 0, "saves": "[]", "friend_count": 0, "friend_requests": "[]", "description": "", "following": "[]", "friend": "[]", "current_coord": "SRID=4326;POINT (0 0)", "new_notification": true, "groups": [], "user_permissions": []}}, {"model": "insight.account", "pk": "account_id", "fields": {"password": "pbkdf2_sha256$180000$YMlKzPjxCwkE$869eYx34PoDyxHq13Xr1DSj9JAYkoVzjX2QIArRy+mQ=", "last_login": "2020-08-13T14:45:51.301Z", "id_type": "EMAIL", "joined_at": "2020-08-13", "username": "", "first_name": "Piyush", "last_name": "Jaiswal", "is_staff": true, "is_superuser": true, "is_active": true, "details": {}, "comfort_zones_text": "[]", "activity_coords": {}, "avatar": "", "places": "[]", "influencer": false, "influencing_hobby": "", "hobby_map": {}, "primary_hobby": "", "primary_weight": "0.00", "follower_count": 0, "following_count": 0, "saves": "[]", "friend_count": 0, "friend_requests": "[]", "description": "Hello world #fuck @you me", "following": "[]", "friend": "[]", "current_coord": "SRID=4326;POINT (0 0)", "new_notification": false, "groups": [], "user_permissions": []}}, {"model": "insight.account", "pk": "iampiyush", "fields": {"password": "pbkdf2_sha256$180000$YMlKzPjxCwkE$869eYx34PoDyxHq13Xr1DSj9JAYkoVzjX2QIArRy+mQ=", "last_login": "2020-08-14T19:01:58.015Z", "id_type": "EMAIL", "joined_at": "2020-08-13", "username": "jarden", "first_name": "Piyush", "last_name": "Jaiswal", "is_staff": true, "is_superuser": true, "is_active": true, "details": {}, "comfort_zones_text": "[]", "activity_coords": {}, "avatar": "", "places": "[]", "influencer": false, "influencing_hobby": "", "hobby_map": {}, "primary_hobby": "", "primary_weight": "0.00", "follower_count": 0, "following_count": 0, "saves": "[]", "friend_count": 0, "friend_requests": "[]", "description": "Hello world #fuck @you me", "following": "[]", "friend": "[]", "current_coord": "SRID=4326;POINT (0 0)", "new_notification": false, "groups": [], "user_permissions": []}}, {"model": "insight.hobby", "pk": "acting875", "fields": {"name": "Acting", "editors": "[\"custom_editor\"]", "limits": {}, "weight": "8.750"}}, {"model": "insight.hobby", "pk": "animation225", "fields": {"name": "Animation", "editors": "[\"custom_editor\"]", "limits": {}, "weight": "2.250"}}, {"model": "insight.hobby", "pk": "astronomy325", "fields": {"name": "Astronomy", "editors": "[\"custom_editor\"]", "limits": {}, "weight": "3.250"}}, {"model": "insight.hobby", "pk": "body_building825", "fields": {"name": "Body Building", "editors": "[\"custom_editor\"]", "limits": {}, "weight": "8.250"}}, {"model": "insight.hobby", "pk": "calligraphy575", "fields": {"name": "Calligraphy", "editors": "[\"custom_editor\"]", "limits": {}, "weight": "5.750"}}, {"model": "insight.hobby", "pk": "computer125", "fields": {"name": "Computer", "editors": "[\"custom_editor\"]", "limits": {}, "weight": "1.250"}}, {"model": "insight.hobby", "pk": "cooking925", "fields": {"name": "Cooking", "editors": "[\"custom_editor\"]", "limits": {}, "weight": "9.250"}}, {"model": "insight.hobby", "pk": "dance850", "fields": {"name": "Dance", "editors": "[\"custom_editor\"]", "limits": {}, "weight": "8.500"}}, {"model": "insight.hobby", "pk": "digital_art275", "fields": {"name": "Digital Art", "editors": "[\"custom_editor\"]", "limits": {}, "weight": "2.750"}}, {"model": "insight.hobby", "pk": "dj700", "fields": {"name": "DJ", "editors": "[\"custom_editor\"]", "limits": {}, "weight": "7.000"}}, {"model": "insight.hobby", "pk": "drawing400", "fields": {"name": "Drawing", "editors": "[\"custom_editor\"]", "limits": {}, "weight": "4.000"}}, {"model": "insight.hobby", "pk": "fashion1075", "fields": {"name": "", "editors": "[]", "limits": {}, "weight": "0.000"}}, {"model": "insight.hobby", "pk": "free_writing475", "fields": {"name": "Free Writing", "editors": "[\"custom_editor\", \"type_writer\"]", "limits": {}, "weight": "4.750"}}, {"model": "insight.hobby", "pk": "gardening950", "fields": {"name": "Gardening", "editors": "[\"custom_editor\"]", "limits": {}, "weight": "9.500"}}, {"model": "insight.hobby", "pk": "graphics_design250", "fields": {"name": "Graphics Design", "editors": "[\"custom_editor\"]", "limits": {}, "weight": "2.500"}}, {"model": "insight.hobby", "pk": "knitting1050", "fields": {"name": "", "editors": "[]", "limits": {}, "weight": "0.000"}}, {"model": "insight.hobby", "pk": "make_up1000", "fields": {"name": "", "editors": "[]", "limits": {}, "weight": "0.000"}}, {"model": "insight.hobby", "pk": "nail_art1025", "fields": {"name": "", "editors": "[]", "limits": {}, "weight": "0.000"}}, {"model": "insight.hobby", "pk": "painting375", "fields": {"name": "Painting", "editors": "[\"custom_editor\"]", "limits": {}, "weight": "3.750"}}, {"model": "insight.hobby", "pk": "photography625", "fields": {"name": "Photography", "editors": "[\"custom_editor\"]", "limits": {}, "weight": "6.250"}}, {"model": "insight.hobby", "pk": "poetry550", "fields": {"name": "", "editors": "[]", "limits": {}, "weight": "0.000"}}, {"model": "insight.hobby", "pk": "puzzles150", "fields": {"name": "Puzzles", "editors": "[\"custom_editor\"]", "limits": {}, "weight": "1.500"}}, {"model": "insight.hobby", "pk": "quotes500", "fields": {"name": "Quotes", "editors": "[\"custom_editor\", \"type_writer\"]", "limits": {}, "weight": "5.000"}}, {"model": "insight.hobby", "pk": "rapping750", "fields": {"name": "Rapping", "editors": "[\"custom_editor\"]", "limits": {}, "weight": "7.500"}}, {"model": "insight.hobby", "pk": "singing725", "fields": {"name": "Singing", "editors": "[\"custom_editor\"]", "limits": {}, "weight": "7.250"}}, {"model": "insight.hobby", "pk": "sketching425", "fields": {"name": "Sketching", "editors": "[\"custom_editor\"]", "limits": {}, "weight": "4.250"}}, {"model": "insight.hobby", "pk": "sports800", "fields": {"name": "Sports", "editors": "[\"custom_editor\"]", "limits": {}, "weight": "8.000"}}, {"model": "insight.hobby", "pk": "thought525", "fields": {"name": "Thought", "editors": "[\"custom_editor\", \"type_writer\"]", "limits": {}, "weight": "5.250"}}, {"model": "insight.hobby", "pk": "video_games175", "fields": {"name": "Video Games", "editors": "[\"custom_editor\"]", "limits": {}, "weight": "1.750"}}, {"model": "insight.hobby", "pk": "video_graphy650", "fields": {"name": "Videograhphy", "editors": "[\"custom_editor\"]", "limits": {}, "weight": "6.500"}}, {"model": "insight.post", "pk": "1lTxNmR7t2VmkvHJ0apKgQ", "fields": {"username": "", "account": "7081878499", "editor": "", "hobby": "photography625", "assets": {"images": ["https://firebasestorage.googleapis.com/v0/b/social-express-103904.appspot.com/o/assets%2FGlkWO6DFUcsyT8NMYuEvPDgXtuaCE6PB.png?alt=media&token=3b6df955-de54-4723-8a58-6be9051a79f7"]}, "caption": "", "hastags": "[]", "last_activity_on": "2020-09-18", "atags": "[]", "coords": null, "action_count": {"love": 0, "save": 0, "view": 0, "share": 0, "comment": 0}, "created_at": "2020-08-21T16:04:09.994Z", "rank": 3, "score": "1.938", "is_global": true}}, {"model": "insight.post", "pk": "3wBlgCJ0F2W3HwrKtV5OSQ", "fields": {"username": "", "account": "7081878499", "editor": "", "hobby": "photography625", "assets": {"images": ["https://firebasestorage.googleapis.com/v0/b/social-express-103904.appspot.com/o/assets%2FVjmkNom9CAX1o2LkWcyRYPPiLhBNTH4q.png?alt=media&token=b9978fb3-1b6a-4f56-808e-6ec9410f0cc3", "https://firebasestorage.googleapis.com/v0/b/social-express-103904.appspot.com/o/assets%2FVjmkNom9CAX1o2LkWcyRYPPiLhBNTH4q.png?alt=media&token=b9978fb3-1b6a-4f56-808e-6ec9410f0cc3"]}, "caption": "work hard bitch", "hastags": "[]", "last_activity_on": "2020-09-18", "atags": "[]", "coords": null, "action_count": {"love": 0, "save": 0, "view": 0, "share": 0, "comment": 0}, "created_at": "2020-08-20T14:30:10.156Z", "rank": 2, "score": "1.938", "is_global": true}}, {"model": "insight.post", "pk": "9dO2HMZPJYzKYjbCpMiv2g", "fields": {"username": "", "account": "7081878499", "editor": "", "hobby": "photography625", "assets": {"images": ["https://firebasestorage.googleapis.com/v0/b/social-express-103904.appspot.com/o/assets%2FRSHJwoFPWPRiGSHtAEZHQFbVDti0NIDz.jpeg?alt=media&token=a0172021-c7f6-4d40-9587-a7ae7a7af569"]}, "caption": "", "hastags": "[]", "last_activity_on": "2020-09-18", "atags": "[]", "coords": null, "action_count": {"love": 0, "save": 0, "view": 0, "share": 0, "comment": 0}, "created_at": "2020-08-20T13:16:57.038Z", "rank": 5, "score": "1.956", "is_global": true}}, {"model": "insight.post", "pk": "ByoqAmx5JqlDNDlU7hQo1Q", "fields": {"username": "", "account": "7081878499", "editor": "", "hobby": "thought525", "assets": {"images": ["https://firebasestorage.googleapis.com/v0/b/social-express-103904.appspot.com/o/assets%2FzxGPl8FJIYVpxllvOeP3zrWZxbKXI7cf.png?alt=media&token=e3a02aa4-cd44-4bee-90cf-fb1577a8c091"]}, "caption": "", "hastags": "[]", "last_activity_on": "2020-09-18", "atags": "[]", "coords": null, "action_count": {"love": 0, "save": 0, "view": 1, "share": 0, "comment": 0}, "created_at": "2020-08-20T17:41:55.050Z", "rank": 1, "score": "2.250", "is_global": true}}, {"model": "insight.post", "pk": "e9gy816jvj_5kWhhWxVZ9g", "fields": {"username": "", "account": "7081878499", "editor": "", "hobby": "photography625", "assets": {"images": ["https://firebasestorage.googleapis.com/v0/b/social-express-103904.appspot.com/o/assets%2FdhQZybyzP2VjG1VxCx9v0BGPCGL1G0lI.png?alt=media&token=71fa8200-b00c-48f2-83f8-1db026ed755f"]}, "caption": "", "hastags": "[]", "last_activity_on": "2020-09-18", "atags": "[]", "coords": null, "action_count": {"love": 1, "save": 0, "view": 1, "share": 0, "comment": 0}, "created_at": "2020-08-22T10:40:28.814Z", "rank": 7, "score": "2.534", "is_global": true}}, {"model": "insight.post", "pk": "KKXwcASFNyFTRnwjzpBJqg", "fields": {"username": "", "account": "7081878499", "editor": "", "hobby": "sketching425", "assets": {"images": ["https://firebasestorage.googleapis.com/v0/b/social-express-103904.appspot.com/o/assets%2FQ5orAqR82rOKs2DeJhi6xDV2T8qyzL5z.png?alt=media&token=107ba935-fdd5-4b67-bde7-ac571862aa0e"]}, "caption": "#good #goofy", "hastags": "[\"#good\", \"#goofy\"]", "last_activity_on": "2020-09-20", "atags": "[\"#good\", \"#goofy\"]", "coords": null, "action_count": {"love": 2, "save": 0, "view": 1, "share": 0, "comment": 5}, "created_at": "2020-09-20T17:23:59.901Z", "rank": 0, "score": "0.000", "is_global": true}}, {"model": "insight.post", "pk": "nNj8E8B8zwWqiruaj6kxDQ", "fields": {"username": "", "account": "7081878499", "editor": "", "hobby": "photography625", "assets": {"images": ["https://firebasestorage.googleapis.com/v0/b/social-express-103904.appspot.com/o/assets%2FRkKEw5U3kyCMR9tJn1cwhpk2DbFW0WdJ.png?alt=media&token=6c21a0ba-2f95-441a-89fc-9fb294837f5c"]}, "caption": "", "hastags": "[]", "last_activity_on": "2020-09-18", "atags": "[]", "coords": null, "action_count": {"love": 0, "save": 0, "view": 0, "share": 0, "comment": 0}, "created_at": "2020-08-21T16:02:21.469Z", "rank": 4, "score": "1.956", "is_global": true}}, {"model": "insight.post", "pk": "oyrk3b_7vKKBb1h-RmP9fw", "fields": {"username": "", "account": "7081878499", "editor": "", "hobby": "graphics_design250", "assets": {"text": {"data": "Hello fuck", "bgColor": "#FFFFFF", "fontName": "Lato", "fontColor": "#000000"}}, "caption": "", "hastags": "[]", "last_activity_on": "2020-09-18", "atags": "[]", "coords": null, "action_count": {"love": 4, "save": 0, "view": 3, "share": 0, "comment": 0}, "created_at": "2020-08-28T16:41:24.258Z", "rank": 0, "score": "5.800", "is_global": true}}, {"model": "insight.post", "pk": "qzxzsPfzIw5pa3fuxTN35Q", "fields": {"username": "", "account": "7081878499", "editor": "", "hobby": "thought525", "assets": {"images": ["https://firebasestorage.googleapis.com/v0/b/social-express-103904.appspot.com/o/assets%2FFDPIhpfUcAtFzafaKca9sXjrNDxKNddY.png?alt=media&token=53a5eef3-4418-4e28-9da7-732732103405"]}, "caption": "", "hastags": "[]", "last_activity_on": "2020-09-18", "atags": "[]", "coords": null, "action_count": {"love": 0, "save": 0, "view": 1, "share": 0, "comment": 0}, "created_at": "2020-08-21T16:09:32.782Z", "rank": 2, "score": "2.250", "is_global": true}}, {"model": "insight.post", "pk": "RYZwzPuHcIiCBiIiWJOnxg", "fields": {"username": "", "account": "7081878499", "editor": "", "hobby": "photography625", "assets": {"images": ["https://firebasestorage.googleapis.com/v0/b/social-express-103904.appspot.com/o/assets%2Fb7eOXXMtoidjHRyiEQYCdVX60hLmDNDL.png?alt=media&token=bba9b247-c349-45bf-a60c-2adad105fd61", "https://firebasestorage.googleapis.com/v0/b/social-express-103904.appspot.com/o/assets%2Fb7eOXXMtoidjHRyiEQYCdVX60hLmDNDL.png?alt=media&token=bba9b247-c349-45bf-a60c-2adad105fd61"]}, "caption": "", "hastags": "[]", "last_activity_on": "2020-09-18", "atags": "[]", "coords": null, "action_count": {"love": 0, "save": 0, "view": 0, "share": 0, "comment": 0}, "created_at": "2020-08-20T14:42:28.714Z", "rank": 0, "score": "1.938", "is_global": true}}, {"model": "insight.post", "pk": "sbeeZq4vjk_zuZdXRLcwHQ", "fields": {"username": "", "account": "7081878499", "editor": "", "hobby": "thought525", "assets": {"images": ["https://firebasestorage.googleapis.com/v0/b/social-express-103904.appspot.com/o/assets%2FOy0gZad0a0LCitjgMA5B2avX1jgIj6TY.png?alt=media&token=3598b210-6590-4a84-97eb-d8732d0a2a0e", "https://firebasestorage.googleapis.com/v0/b/social-express-103904.appspot.com/o/assets%2FskuEEsbIxQvzDsRZ7ZlCKfpOXhnsiiS2.png?alt=media&token=95b41f5c-9c6f-484b-beff-213f7cb5f98c"]}, "caption": "", "hastags": "[]", "last_activity_on": "2020-09-18", "atags": "[]", "coords": null, "action_count": {"love": 0, "save": 0, "view": 1, "share": 0, "comment": 0}, "created_at": "2020-08-27T15:18:21.136Z", "rank": 0, "score": "2.200", "is_global": true}}, {"model": "insight.post", "pk": "Sk17TJEDPU52uhW94pm1og", "fields": {"username": "", "account": "7081878499", "editor": "", "hobby": "painting375", "assets": {"images": ["https://firebasestorage.googleapis.com/v0/b/social-express-103904.appspot.com/o/assets%2FPhUmbiohBDbSH4YtAYvLZpPtoBc9YnDq.svg%2Bxml?alt=media&token=5eee7889-f869-4a65-8639-32dd3a8f2171"]}, "caption": "Nice #work @you", "hastags": "[\"#work\"]", "last_activity_on": "2020-10-03", "atags": "[\"#work\"]", "coords": null, "action_count": {"love": 0, "save": 0, "view": 1, "share": 0, "comment": 0}, "created_at": "2020-10-03T20:47:45.259Z", "rank": 0, "score": "0.000", "is_global": true}}, {"model": "insight.post", "pk": "TAsiQUDNTg6iyk2lAnmPoA", "fields": {"username": "", "account": "7081878499", "editor": "", "hobby": "photography625", "assets": {"images": ["https://firebasestorage.googleapis.com/v0/b/social-express-103904.appspot.com/o/assets%2FoWYXfivx7uISrVe7RoVE5JrkfAjMavez.png?alt=media&token=7de1a974-d839-4ea7-8ead-d652c8c12d90", "https://firebasestorage.googleapis.com/v0/b/social-express-103904.appspot.com/o/assets%2FoWYXfivx7uISrVe7RoVE5JrkfAjMavez.png?alt=media&token=7de1a974-d839-4ea7-8ead-d652c8c12d90"]}, "caption": "", "hastags": "[]", "last_activity_on": "2020-09-18", "atags": "[]", "coords": null, "action_count": {"love": 0, "save": 0, "view": 0, "share": 0, "comment": 0}, "created_at": "2020-08-20T14:33:39.930Z", "rank": 1, "score": "1.938", "is_global": true}}, {"model": "insight.post", "pk": "UA7bvfOidnY5xi4v7c-S7A", "fields": {"username": "", "account": "7081878499", "editor": "", "hobby": "thought525", "assets": {"text": {"data": "Life rules work my way", "bgColor": "#FFFFFF", "fontName": "Lato", "fontColor": "#000000"}, "images": ["https://firebasestorage.googleapis.com/v0/b/social-express-103904.appspot.com/o/assets%2FFePUAmes39H8qI6SqO7U59oiwlsNiKP3.jpeg?alt=media&token=273ff8b7-eab5-4eb9-a65d-693072c6e419"]}, "caption": "work hard", "hastags": "[]", "last_activity_on": "2020-09-18", "atags": "[]", "coords": null, "action_count": {"love": 0, "save": 0, "view": 1, "share": 0, "comment": 0}, "created_at": "2020-08-20T12:44:36.930Z", "rank": 3, "score": "2.250", "is_global": true}}, {"model": "insight.post", "pk": "VNZgYWKE_4RBLOK-rm3uSQ", "fields": {"username": "", "account": "7081878499", "editor": "", "hobby": "photography625", "assets": {"images": ["https://firebasestorage.googleapis.com/v0/b/social-express-103904.appspot.com/o/assets%2FwTh21ozYks4lMR0iVHbktrBBQyxhtfBa.png?alt=media&token=1ea942f9-4a8a-42d1-a686-24673b2f8118"]}, "caption": "Work work", "hastags": "[]", "last_activity_on": "2020-09-18", "atags": "[]", "coords": null, "action_count": {"love": 0, "save": 0, "view": 1, "share": 0, "comment": 0}, "created_at": "2020-08-20T12:32:42.188Z", "rank": 6, "score": "2.033", "is_global": true}}, {"model": "insight.post", "pk": "vvJkGc7_K69XYJ-06nBu6A", "fields": {"username": "", "account": "7081878499", "editor": "", "hobby": "singing725", "assets": {"audio": "https://firebasestorage.googleapis.com/v0/b/social-express-103904.appspot.com/o/assets%2FiQ9o4CMUo5hW7zKld3NdeNPkDlhKFXEr.mpeg?alt=media&token=1736f35b-6cff-4a63-b8cc-a80414c97d44"}, "caption": "nice", "hastags": "[\"#goofy\"]", "last_activity_on": "2020-09-18", "atags": "[]", "coords": null, "action_count": {"love": 1, "save": 0, "view": 1, "share": 0, "comment": 0}, "created_at": "2020-08-22T14:13:34.624Z", "rank": 0, "score": "1.804", "is_global": true}}, {"model": "insight.post", "pk": "VWuTITDup31SCL2P1Xg16w", "fields": {"username": "", "account": "7081878499", "editor": "", "hobby": "thought525", "assets": {"images": ["https://firebasestorage.googleapis.com/v0/b/social-express-103904.appspot.com/o/assets%2FzxGPl8FJIYVpxllvOeP3zrWZxbKXI7cf.png?alt=media&token=e3a02aa4-cd44-4bee-90cf-fb1577a8c091", "https://firebasestorage.googleapis.com/v0/b/social-express-103904.appspot.com/o/assets%2FVSa0DuUxL9NNtHiFwHAtjtqxc9eTM68K.png?alt=media&token=c7cf9afd-271d-4271-80d7-e56d62b41297"]}, "caption": "", "hastags": "[]", "last_activity_on": "2020-09-18", "atags": "[]", "coords": null, "action_count": {"love": 0, "save": 0, "view": 1, "share": 0, "comment": 0}, "created_at": "2020-08-20T17:41:55.118Z", "rank": 5, "score": "2.250", "is_global": true}}, {"model": "insight.post", "pk": "Xtg7eZR2sBrrc1l9jigC7g", "fields": {"username": "", "account": "7081878499", "editor": "", "hobby": "thought525", "assets": {"images": ["https://firebasestorage.googleapis.com/v0/b/social-express-103904.appspot.com/o/assets%2FnVtgAOKdSlTAu9waVcaSf6o0hlH1xizx.png?alt=media&token=bb25a242-8e73-41a1-9adf-c084be4b9678"]}, "caption": "", "hastags": "[]", "last_activity_on": "2020-09-18", "atags": "[]", "coords": null, "action_count": {"love": 0, "save": 0, "view": 1, "share": 0, "comment": 0}, "created_at": "2020-08-21T16:04:59.357Z", "rank": 4, "score": "2.250", "is_global": true}}, {"model": "insight.actionstore", "pk": 51, "fields": {"account_id": "7081878499", "post_id": "vvJkGc7_K69XYJ-06nBu6A", "loved": true, "loved_at": "2020-08-31T05:45:31.921Z", "viewed": true, "viewed_at": "2020-08-29T07:55:12.374Z", "shared": false, "saved": false, "commented": true, "up_voted": false, "down_voted": false}}, {"model": "insight.actionstore", "pk": 52, "fields": {"account_id": "7081878499", "post_id": "e9gy816jvj_5kWhhWxVZ9g", "loved": false, "loved_at": "2020-08-29T14:15:53.537Z", "viewed": true, "viewed_at": "2020-08-29T07:55:12.374Z", "shared": false, "saved": false, "commented": true, "up_voted": false, "down_voted": false}}, {"model": "insight.actionstore", "pk": 53, "fields": {"account_id": "7081878499", "post_id": "qzxzsPfzIw5pa3fuxTN35Q", "loved": false, "loved_at": "2020-08-29T14:15:53.537Z", "viewed": true, "viewed_at": "2020-08-29T07:55:12.374Z", "shared": false, "saved": false, "commented": true, "up_voted": false, "down_voted": false}}, {"model": "insight.actionstore", "pk": 54, "fields": {"account_id": "7081878499", "post_id": "Xtg7eZR2sBrrc1l9jigC7g", "loved": false, "loved_at": "2020-08-29T14:15:53.537Z", "viewed": true, "viewed_at": "2020-08-29T07:55:12.374Z", "shared": false, "saved": false, "commented": true, "up_voted": false, "down_voted": false}}, {"model": "insight.actionstore", "pk": 55, "fields": {"account_id": "7081878499", "post_id": "sbeeZq4vjk_zuZdXRLcwHQ", "loved": false, "loved_at": "2020-08-31T06:01:02.749Z", "viewed": true, "viewed_at": "2020-08-29T07:55:12.374Z", "shared": false, "saved": false, "commented": true, "up_voted": false, "down_voted": false}}, {"model": "insight.actionstore", "pk": 56, "fields": {"account_id": "7081878499", "post_id": "UA7bvfOidnY5xi4v7c-S7A", "loved": false, "loved_at": "2020-08-29T14:15:53.537Z", "viewed": true, "viewed_at": "2020-08-29T07:55:12.374Z", "shared": false, "saved": false, "commented": true, "up_voted": false, "down_voted": false}}, {"model": "insight.actionstore", "pk": 57, "fields": {"account_id": "7081878499", "post_id": "VWuTITDup31SCL2P1Xg16w", "loved": false, "loved_at": "2020-08-29T14:15:53.537Z", "viewed": true, "viewed_at": "2020-08-29T07:55:12.374Z", "shared": false, "saved": false, "commented": true, "up_voted": false, "down_voted": false}}, {"model": "insight.actionstore", "pk": 58, "fields": {"account_id": "7081878499", "post_id": "ByoqAmx5JqlDNDlU7hQo1Q", "loved": true, "loved_at": "2020-08-31T05:42:40.011Z", "viewed": true, "viewed_at": "2020-08-29T07:55:12.374Z", "shared": false, "saved": false, "commented": true, "up_voted": false, "down_voted": false}}, {"model": "insight.actionstore", "pk": 59, "fields": {"account_id": "7081878499", "post_id": "VNZgYWKE_4RBLOK-rm3uSQ", "loved": false, "loved_at": "2020-08-29T14:15:53.537Z", "viewed": true, "viewed_at": "2020-08-29T07:55:12.374Z", "shared": false, "saved": false, "commented": true, "up_voted": false, "down_voted": false}}, {"model": "insight.actionstore", "pk": 60, "fields": {"account_id": "7081878499", "post_id": "oyrk3b_7vKKBb1h-RmP9fw", "loved": true, "loved_at": "2020-09-12T15:31:11.427Z", "viewed": true, "viewed_at": "2020-08-29T07:55:12.374Z", "shared": false, "saved": false, "commented": true, "up_voted": false, "down_voted": false}}, {"model": "insight.actionstore", "pk": 61, "fields": {"account_id": "7081878499", "post_id": "KKXwcASFNyFTRnwjzpBJqg", "loved": true, "loved_at": "2020-10-01T17:03:09.695Z", "viewed": true, "viewed_at": "2020-09-20T18:22:07.519Z", "shared": false, "saved": false, "commented": true, "up_voted": false, "down_voted": false}}, {"model": "insight.actionstore", "pk": 62, "fields": {"account_id": "7081878499", "post_id": "Sk17TJEDPU52uhW94pm1og", "loved": false, "loved_at": "2020-10-03T20:44:04.207Z", "viewed": true, "viewed_at": "2020-10-03T20:48:10.817Z", "shared": false, "saved": false, "commented": true, "up_voted": false, "down_voted": false}}, {"model": "insight.notification", "pk": "a3d9RX-MtIFUEPFNcbVqL1-0TLw__8499", "fields": {"type": "REQU", "meta": {"avatar": "https://firebasestorage.googleapis.com/v0/b/social-express-103904.appspot.com/o/assets%2FJOQLjy5jpvXQhhzH8SQuNw3Jk0r1A6Bb.png?alt=media&token=e887c047-8ca3-4a98-aa53-6e165be64cc0", "account_id": "7081878499"}, "header": "rakesh", "created_at": "2020-09-22T18:19:41.163Z", "body": "Rakesh Roshan", "to": "7081878499", "read": true, "used": true}}, {"model": "insight.tags", "pk": "#goofy", "fields": {"created_at": "2020-09-20T17:40:19.632Z", "first_used": "7081878499"}}, {"model": "insight.tags", "pk": "#work", "fields": {"created_at": "2020-10-03T20:47:45.770Z", "first_used": "Sk17TJEDPU52uhW94pm1og"}}, {"model": "insight.userpostcomment", "pk": 1, "fields": {"post_id": "KKXwcASFNyFTRnwjzpBJqg", "account": "7081878499", "comment": "Tesh Comment", "created_at": "2020-09-29T21:44:44.711Z", "count": 0}}, {"model": "insight.userpostcomment", "pk": 2, "fields": {"post_id": "KKXwcASFNyFTRnwjzpBJqg", "account": "7081878499", "comment": "hello", "created_at": "2020-10-01T15:54:52.880Z", "count": 0}}, {"model": "insight.userpostcomment", "pk": 3, "fields": {"post_id": "KKXwcASFNyFTRnwjzpBJqg", "account": "7081878499", "comment": "hellow", "created_at": "2020-10-01T15:58:39.842Z", "count": 0}}, {"model": "insight.userpostcomment", "pk": 4, "fields": {"post_id": "KKXwcASFNyFTRnwjzpBJqg", "account": "7081878499", "comment": "hi", "created_at": "2020-10-01T15:59:13.730Z", "count": 0}}, {"model": "insight.userpostcomment", "pk": 5, "fields": {"post_id": "KKXwcASFNyFTRnwjzpBJqg", "account": "7081878499", "comment": "hello \nthis is piyush wanna meeta you and say something", "created_at": "2020-10-01T17:07:20.676Z", "count": 0}}, {"model": "insight.scoreboard", "pk": 1, "fields": {"account": "7081878499", "created_at": "2020-09-20", "expires_on": "2020-09-27", "hobby_scores": {"singing725": 1.804, "thought525": 13.45, "photography625": 16.230999999999998, "graphics_design250": 6.3}, "retention": "0.00000", "net_score": "37.7850", "rank": 0}}, {"model": "insight.scoreboard", "pk": 2, "fields": {"account": "7081878499", "created_at": "2020-10-03", "expires_on": "2020-10-10", "hobby_scores": {"painting375": 0.9}, "retention": "0.00000", "net_score": "0.9000", "rank": 0}}, {"model": "authtoken.token", "pk": "e089ed97b5298f88854879c29e967fb230e1cd8a", "fields": {"user": "7081878499", "created": "2020-08-18T00:22:45.972Z"}}, {"model": "admin.logentry", "pk": 31, "fields": {"action_time": "2020-08-16T19:36:22.723Z", "user": "iampiyush", "content_type": 10, "object_id": "rTSapdddQbdssbBgtu6RTg", "object_repr": "Post object (rTSapdddQbdssbBgtu6RTg)", "action_flag": 3, "change_message": ""}}, {"model": "admin.logentry", "pk": 32, "fields": {"action_time": "2020-08-16T19:36:22.929Z", "user": "iampiyush", "content_type": 10, "object_id": "bhymR0gjG0QuOZTgE30QTA", "object_repr": "Post object (bhymR0gjG0QuOZTgE30QTA)", "action_flag": 3, "change_message": ""}}, {"model": "admin.logentry", "pk": 33, "fields": {"action_time": "2020-08-16T20:20:21.580Z", "user": "iampiyush", "content_type": 10, "object_id": "wTedYyAacGrsCgdo7QPkMQ", "object_repr": "Post object (wTedYyAacGrsCgdo7QPkMQ)", "action_flag": 3, "change_message": ""}}, {"model": "admin.logentry", "pk": 34, "fields": {"action_time": "2020-08-16T20:20:21.621Z", "user": "iampiyush", "content_type": 10, "object_id": "WPmRaZevOfE8oEmzvipUqw", "object_repr": "Post object (WPmRaZevOfE8oEmzvipUqw)", "action_flag": 3, "change_message": ""}}, {"model": "admin.logentry", "pk": 35, "fields": {"action_time": "2020-08-16T20:20:21.632Z", "user": "iampiyush", "content_type": 10, "object_id": "8QFrwk4ZmKfIWKxr3qWdTA", "object_repr": "Post object (8QFrwk4ZmKfIWKxr3qWdTA)", "action_flag": 3, "change_message": ""}}, {"model": "admin.logentry", "pk": 36, "fields": {"action_time": "2020-08-16T20:44:58.362Z", "user": "iampiyush", "content_type": 10, "object_id": "xkV86zQXHT7Hyned1j31Xg", "object_repr": "Post object (xkV86zQXHT7Hyned1j31Xg)", "action_flag": 3, "change_message": ""}}, {"model": "admin.logentry", "pk": 37, "fields": {"action_time": "2020-08-16T20:44:58.386Z", "user": "iampiyush", "content_type": 10, "object_id": "vY2paGDPXrPzqxtTH0z6dw", "object_repr": "Post object (vY2paGDPXrPzqxtTH0z6dw)", "action_flag": 3, "change_message": ""}}, {"model": "admin.logentry", "pk": 38, "fields": {"action_time": "2020-08-16T20:48:12.370Z", "user": "iampiyush", "content_type": 10, "object_id": "vUiqMNgw5t31eBrrs6HcAA", "object_repr": "Post object (vUiqMNgw5t31eBrrs6HcAA)", "action_flag": 3, "change_message": ""}}, {"model": "admin.logentry", "pk": 39, "fields": {"action_time": "2020-08-16T20:48:12.392Z", "user": "iampiyush", "content_type": 10, "object_id": "jyxQ7PwXayoSYhO6bax8AA", "object_repr": "Post object (jyxQ7PwXayoSYhO6bax8AA)", "action_flag": 3, "change_message": ""}}, {"model": "admin.logentry", "pk": 40, "fields": {"action_time": "2020-08-16T20:54:56.867Z", "user": "iampiyush", "content_type": 10, "object_id": "TptXn8VGF0CMF_es3GokOg", "object_repr": "Post object (TptXn8VGF0CMF_es3GokOg)", "action_flag": 3, "change_message": ""}}]